z_low,z_high,z_med,z_p25,z_p75,fbar_raw,fbar_raw_ll,fbar_raw_ul,fbar_fd,fbar_fd_ll,fbar_fd_ul,fbar_zcorr,fbar_zcorr_ll,fbar_zcorr_ul,fbar_fd_zcorr,fbar_fd_zcorr_ll,fbar_fd_zcorr_ul,sample_size,n_bars,n_strong_bars,n_weak_bars,fd_corr_factor,z_corr_factor,tot_corr_factor
0.5,1.0,0.768,0.722,0.871435,0.3880597014925373,0.05515799840797503,0.06164247069590495,0.22741636644364385,0.04466386516066087,0.059310232199421276,0.4218040233614536,0.04466386516066087,0.059310232199421276,0.2471917026561346,0.04466386516066087,0.059310232199421276,67,26,4,22,0.5860344827586207,1.0869565217391304,0.6369940029985007
1.0,1.5,1.223,1.16075,1.33624,0.26436781609195403,0.04139763397496404,0.05197385143835537,0.15492865636147443,0.03616337372010117,0.04945679917437673,0.3478523895946764,0.03616337372010117,0.04945679917437673,0.20385349521246637,0.03616337372010117,0.04945679917437673,87,23,5,18,0.5860344827586207,1.3157894736842106,0.7710980036297641
1.5,2.0,1.779,1.611,1.883,0.20388349514563106,0.033736420357140584,0.044998902845325595,0.11948275862068965,0.030605177341052836,0.04313090073792808,0.2912621359223301,0.030605177341052836,0.04313090073792808,0.17068965517241377,0.030605177341052836,0.04313090073792808,103,21,4,17,0.5860344827586207,1.4285714285714286,0.837192118226601
2.0,2.5,2.2315,2.1505,2.32625,0.171875,0.036944374011909975,0.05682427087533312,0.09322033898305085,0.035698539669247104,0.056144771441930724,0.29967948717948717,0.035698539669247104,0.056144771441930724,0.16253802694480662,0.035698539669247104,0.056144771441930724,64,11,3,8,0.5423728813559322,1.7435897435897436,0.9456757931334202
2.5,3.0,2.7045000000000003,2.6172500000000003,2.8275,0.08333333333333333,0.02448314021374636,0.05786270688376201,0.04021289178001183,0.022256923846008886,0.0563969224924839,0.15315315315315314,0.022256923846008886,0.0563969224924839,0.0739047740821839,0.022256923846008886,0.0563969224924839,48,4,1,3,0.48255470136014195,1.837837837837838,0.8868572889862069
3.0,4.0,3.441,3.22575,3.7562499999999996,0.058823529411764705,0.019232506582162613,0.06843307802756325,0.017099430018999367,0.009768036259254053,0.06208016594909697,0.10810810810810811,0.009768036259254053,0.06208016594909697,0.03142597949437722,0.009768036259254053,0.06208016594909697,34,2,0,2,0.29069031032298925,1.837837837837838,0.5342416514044127
